[
	{
        "id": "李硕",
        "imgs": [
             {
                "origPath": "assets/img/11.jpg",
                "thumbPath": "assets/img/11.jpg",
                "base64": "assets/img/11.jpg"
            },
            {
                "origPath": "assets/img/12.jpg",
                "thumbPath": "assets/img/12.jpg",
                "base64": "assets/img/12.jpg"
            },
            {
                "origPath": "assets/img/13.jpg",
                "thumbPath": "assets/img/13.jpg",
                "base64": "assets/img/13.jpg"
            }
        ],
        "reply": [
            {
                "id": "111",
                "name": "chengpang",
                "content": "师傅热情周到，操作规范，对客户提出的要求，有求必应",
                "replyName": "lishuo",
                "replyId": "123",
                "time": "两分钟之前"
            },
            {
                "id": "123",
                "name": "chengpang",
                "content": "感谢您对悦家的信任与支持！",
                "replyName": "chengpang",
                "replyId": "123",
                "time": "两分钟之前"
            },
            {
                "id": "111",
                "name": "chengpang",
                "content": "你们挺为客户着想，暗觉不错，挺省心的！",
                "replyName": "lishuo",
                "replyId": "123",
                "time": "两分钟之前"
            },
            {
                "id": "123",
                "name": "chengpang",
                "content": "感谢您的反馈，悦家祝您生活愉悦",
                "replyName": "chengpang",
                "replyId": "123",
                "time": "两分钟之前"
            }
        ],
       "describe": "根据设计图纸，已完成您的家庭影院施工，请验收，若有不明白处请随时联系我，谢谢"
    },
    {
        "id": "李硕",
        "imgs": [
            {
                "origPath": "assets/img/anjk2.png",
                "thumbPath": "assets/img/anjk2.png",
                "base64": "assets/img/anjk2.png"
            },
            {
                "origPath": "assets/img/anjk3.png",
                "thumbPath": "assets/img/anjk3.png",
                "base64": "assets/img/anjk3.png"
            },
            {
                "origPath": "assets/img/anjk4.png",
                "thumbPath": "assets/img/anjk4.png",
                "base64": "assets/img/anjk4.png"
            }
        ],
        "reply": [
            {
                "id": "111",
                "name": "小李",
                "content": "上午看过房子，线路布置得不错",
                "replyName": "chenyun",
                "replyId": "123",
                "time": "两分钟之前"
            },
            {
                "id": "123",
                "name": "chenyun",
                "content": "感谢您对悦家的信任与支持！",
                "replyName": "小李",
                "replyId": "123",
                "time": "两分钟之前"
            },
            {
                "id": "111",
                "name": "小李",
                "content": "跟设计师沟通很顺畅，项目经理也很好说话，帮了我不少忙",
                "replyName": "chenyun",
                "replyId": "123",
                "time": "两分钟之前"
            },
            {
                "id": "123",
                "name": "chenyun",
                "content": "感谢您对设计师的认可，能为您的新家装修是我们的荣幸，悦家祝您生活愉悦",
                "replyName": "chengpang",
                "replyId": "123",
                "time": "两分钟之前"
            }
        ],
        "describe": "根据设计图纸，已为你把安全监控系统布置完毕"
    },
    {
        "id": "李硕",
        "imgs": [
             {
                "origPath": "assets/img/qwjs1.png",
                "thumbPath": "assets/img/qwjs1.png",
                "base64": "assets/img/qwjs1.png"
            },
            {
                "origPath": "assets/img/qwjs2.png",
                "thumbPath": "assets/img/qwjs2.png",
                "base64": "assets/img/qwjs2.png"
            },
            {
                "origPath": "assets/img/qwjs3.png",
                "thumbPath": "assets/img/qwjs3.png",
                "base64": "assets/img/qwjs3.png"
            }
        ],
        "reply": [
            {
                "id": "111",
                "name": "chengpang",
                "content": "师傅热情周到，操作规范，对客户提出的要求，有求必应",
                "replyName": "lishuo",
                "replyId": "123",
                "time": "两分钟之前"
            },
            {
                "id": "123",
                "name": "chengpang",
                "content": "感谢您对悦家的信任与支持！",
                "replyName": "chengpang",
                "replyId": "123",
                "time": "两分钟之前"
            },
            {
                "id": "111",
                "name": "chengpang",
                "content": "你们挺为客户着想，暗觉不错，挺省心的！",
                "replyName": "lishuo",
                "replyId": "123",
                "time": "两分钟之前"
            },
            {
                "id": "123",
                "name": "chengpang",
                "content": "感谢您的反馈，悦家祝您生活愉悦",
                "replyName": "chengpang",
                "replyId": "123",
                "time": "两分钟之前"
            }
        ],
        "describe": "已为您把全屋净水系统安装完毕，已能正常使用"
    },
    {
        "id": "李硕",
        "imgs": [
             {
                "origPath": "assets/img/21.jpg",
                "thumbPath": "assets/img/21.jpg",
                "base64": "assets/img/21.jpg"
            },
            {
                "origPath": "assets/img/22.jpg",
                "thumbPath": "assets/img/22.jpg",
                "base64": "assets/img/22.jpg"
            },
            {
                "origPath": "assets/img/23.jpg",
                "thumbPath": "assets/img/23.jpg",
                "base64": "assets/img/23.jpg"
            }
        ],
        "reply": [
            {
                "id": "111",
                "name": "chengpang",
                "content": "师傅热情周到，操作规范，对客户提出的要求，有求必应",
                "replyName": "lishuo",
                "replyId": "123",
                "time": "两分钟之前"
            },
            {
                "id": "123",
                "name": "chengpang",
                "content": "感谢您对悦家的信任与支持！",
                "replyName": "chengpang",
                "replyId": "123",
                "time": "两分钟之前"
            },
            {
                "id": "111",
                "name": "chengpang",
                "content": "你们挺为客户着想，暗觉不错，挺省心的！",
                "replyName": "lishuo",
                "replyId": "123",
                "time": "两分钟之前"
            },
            {
                "id": "123",
                "name": "chengpang",
                "content": "感谢您的反馈，悦家祝您生活愉悦",
                "replyName": "chengpang",
                "replyId": "123",
                "time": "两分钟之前"
            }
        ],
       "describe": "联动窗帘智能语音光线控制系统已安装完毕，若有不满意得请及时沟通"
    },
    {
        "id": "李硕",
        "imgs": [
             {
                "origPath": "assets/img/31.jpg",
                "thumbPath": "assets/img/31.jpg",
                "base64": "assets/img/31.jpg"
            },
            {
                "origPath": "assets/img/32.jpg",
                "thumbPath": "assets/img/32.jpg",
                "base64": "assets/img/32.jpg"
            },
            {
                "origPath": "assets/img/33.jpg",
                "thumbPath": "assets/img/33.jpg",
                "base64": "assets/img/33.jpg"
            }
        ],
        "reply": [
            {
                "id": "111",
                "name": "chengpang",
                "content": "师傅热情周到，操作规范，对客户提出的要求，有求必应",
                "replyName": "lishuo",
                "replyId": "123",
                "time": "两分钟之前"
            },
            {
                "id": "123",
                "name": "chengpang",
                "content": "感谢您对悦家的信任与支持！",
                "replyName": "chengpang",
                "replyId": "123",
                "time": "两分钟之前"
            },
            {
                "id": "111",
                "name": "chengpang",
                "content": "你们挺为客户着想，暗觉不错，挺省心的！",
                "replyName": "lishuo",
                "replyId": "123",
                "time": "两分钟之前"
            },
            {
                "id": "123",
                "name": "chengpang",
                "content": "感谢您的反馈，悦家祝您生活愉悦",
                "replyName": "chengpang",
                "replyId": "123",
                "time": "两分钟之前"
            }
        ],
       "describe": "全家智能控制面板布线已完成，因为是隐蔽工程，已在施工过程中拍下图片"
    },
    {
        "id": "李硕",
        "imgs": [
             {
                "origPath": "assets/img/41.jpg",
                "thumbPath": "assets/img/41.jpg",
                "base64": "assets/img/41.jpg"
            },
            {
                "origPath": "assets/img/42.jpg",
                "thumbPath": "assets/img/42.jpg",
                "base64": "assets/img/42.jpg"
            },
            {
                "origPath": "assets/img/43.jpg",
                "thumbPath": "assets/img/43.jpg",
                "base64": "assets/img/43.jpg"
            },
            {
                "origPath": "assets/img/44.jpg",
                "thumbPath": "assets/img/44.jpg",
                "base64": "assets/img/44.jpg"
            }
        ],
        "reply": [
            {
                "id": "111",
                "name": "chengpang",
                "content": "师傅热情周到，操作规范，对客户提出的要求，有求必应",
                "replyName": "lishuo",
                "replyId": "123",
                "time": "两分钟之前"
            },
            {
                "id": "123",
                "name": "chengpang",
                "content": "感谢您对悦家的信任与支持！装完以后我都不舍得出门了",
                "replyName": "chengpang",
                "replyId": "123",
                "time": "两分钟之前"
            },
            {
                "id": "111",
                "name": "chengpang",
                "content": "你们挺为客户着想，暗觉不错，挺省心的！",
                "replyName": "lishuo",
                "replyId": "123",
                "time": "两分钟之前"
            },
            {
                "id": "123",
                "name": "chengpang",
                "content": "感谢您的反馈，悦家祝您生活愉悦",
                "replyName": "chengpang",
                "replyId": "123",
                "time": "两分钟之前"
            }
        ],
       "describe": "智能健康新风系统已经妥当，您看，装修中也能有这么好的空气质量"
    }
	
]