﻿[
    {
        "name": "智能家居系统",
        "imgPath": "assets/img/avatar-ts-woody.png",
        "addr": "上海市长宁区迎宾北路214号",
        "state":"1"
    },
    {
        "name": "智能家居系统",
        "imgPath": "assets/img/avatar-ts-jessie.png",
        "addr": "上海市长宁区迎宾北路214号",
        "state":"1"
    },
    {
        "name": "智能家居系统",
        "imgPath": "assets/img/avatar-ts-potatohead.png",
        "addr": "上海市长宁区迎宾北路214号",
        "state":"2"
    }
]